Workbook

Sheet Anleitung
B2: Projekt-Tracker · Software Engineering and Game Technical Direction
B3: Vorlage für das Semesterprojekt (Studio of One). Ein Tracker für den gesamten Lebenszyklus.
B5: So verwenden Sie diese Datei
B6: • Gelb hinterlegte Zellen sind Eingabefelder. Weiße Zellen in den Datenblättern füllen Sie zeilenweise aus.
B7: • Grau-kursive Zeilen (ID „BSP“) sind Beispiele für das erwartete Format – überschreiben oder löschen Sie sie, da sie sonst in die Kennzahlen eingehen.
B8: • Spalten mit dunkelgrauer Schrift (z. B. PERT, Risikowert) werden automatisch berechnet – bitte nicht überschreiben.
B9: • Auswahllisten (Status, MoSCoW, Schweregrad …) sorgen für auswertbare Daten in der Übersicht.
B11: Blätter und zugehörige Übungen
B12: Übersicht – Kennzahlen des Projekts, u. a. Schätzgenauigkeit, Puffer und Zeit je Hut (Ü2, Ü14)
B13: Zeitlog – jede Arbeitssitzung ab Woche 1: Datum, Dauer, Hut, Tätigkeit/Story-ID; parallel zum Dev-Log (Ü1–Ü14)
B14: Backlog – User Stories, MoSCoW, Pillar-Bezug, GDD-Referenz (Traceability), Drei-Punkt-Schätzung, Ist-Aufwand, Cut List über Status „Gestrichen“ (Ü3, Ü4, Ü8)
B15: Sprints – Sprint-Ziele, Planung vs. Ist, automatisch aus dem Backlog (Ü8, Ü9, Ü11, Ü13)
... B22: PERT-Erwartungswert: E = (O + 4·M + P) / 6 · Risikowert = Wahrscheinlichkeit × Auswirkung (je 1–5) · Schätzgenauigkeit = Σ Ist / Σ PERT der erledigten Stories (> 1 = unterschätzt)

Sheet Übersicht
B2: Projektübersicht
B3: Eingaben gelb, alles andere wird berechnet.
B5: Projekt / Arbeitstitel | D5: Eingabe
B6: Engine | D6: Eingabe
B7: Verfügbare Projektstunden (Semester) | D7: Workload des Moduls minus Präsenzzeit minus realistische Abzüge (Ü2)
B9: Zeit
B10: Geplante Stunden (PERT, ohne Gestrichene) | C10: =SUMIFS(Backlog!L:L,Backlog!G:G,"<>Gestrichen") -> 4.3333333 | D10: Summe der PERT-Schätzungen
B11: Puffer (verfügbar − geplant) | C11: =IF(C7="","",C7-C10) | D11: negativ = Scope reduzieren!
B12: Ist-Stunden auf Backlog-Stories | C12: =SUM(Backlog!M:M) -> 6 | D12: ab Production (Ü8); Gesamtzeit siehe Zeitlog unten
B13: Schätzgenauigkeit (Ist / PERT, nur erledigte) | C13: =IFERROR(SUMIFS(Backlog!M:M,Backlog!G:G,"Erledigt")/SUMIFS(Backlog!L:L,Backlog!G:G,"Erledigt"),"") -> 1.3846154 | D13: > 1 = unterschätzt; für das Postmortem (Ü14)
B15: Scope
B16: Stories gesamt | C16: =COUNTA(Backlog!C2:C201) -> 1
B17: Stories erledigt | C17: =COUNTIF(Backlog!G2:G201,"Erledigt") -> 1
B18: Stories gestrichen (Cut List) | C18: =COUNTIF(Backlog!G2:G201,"Gestrichen") -> 0
B19: Anteil gestrichen | C19: =IFERROR(C18/C16,"") -> 0
B20: Must-Stories erledigt | C20: =IFERROR(COUNTIFS(Backlog!F2:F201,"Must",Backlog!G2:G201,"Erledigt")/COUNTIF(Backlog!F2:F201,"Must"),"") -> 1 | D20: Alpha-Kriterium: 100 %
B22: Qualität und Risiken
B23: Offene A-Bugs | C23: =COUNTIFS(Bugs!H2:H201,"A",Bugs!J2:J201,"<>Verifiziert",Bugs!J2:J201,"<>Geschlossen",Bugs!J2:J201,"<>Won't fix") -> 1 | D23: Release-Kriterium: 0
B24: Bugs gesamt | C24: =COUNTA(Bugs!B2:B201) -> 1
B25: Risiken mit Stufe „hoch“ | C25: =COUNTIF(Risiken!F2:F61,">=15") -> 1
B26: Eingetretene Risiken | C26: =COUNTIF(Risiken!K2:K61,"Ja") -> 0
B27: Playtests durchgeführt | C27: =COUNTA(Playtests!C2:C101) -> 1 | D27: Ziel bis Alpha: ≥ 4
B29: Traceability (GDD ↔ Backlog)
B30: Stories mit GDD-Referenz oder „TD“ | C30: =IFERROR(COUNTA(Backlog!P2:P201)/C16,"") -> 1 | D30: Ziel: 100 %
B31: Must-Stories ohne Referenz | C31: =COUNTIFS(Backlog!F2:F201,"Must",Backlog!P2:P201,"") -> 0 | D31: Ziel: 0
B33: Zeit gesamt (Zeitlog, ab Woche 1)
B34: Gearbeitete Stunden gesamt | C34: =SUM(Zeitlog!B2:B501) -> 2.5 | D34: alle Sitzungen laut Zeitlog
B35: Anteil am Zeitbudget | C35: =IFERROR(C34/C7,"") | D35: Vergleich mit Semesterfortschritt
B36: Verbleibende Stunden | C36: =IF(C7="","",C7-C34)
B37: Stunden: Producer | C37: =SUMIF(Zeitlog!C2:C501,"Producer",Zeitlog!B2:B501) -> 0 | D37: =IFERROR(TEXT(C37/$C$34,"0%")&" der Gesamtzeit","") -> 0% der Gesamtzeit
B38: Stunden: Game Designer | C38: =SUMIF(Zeitlog!C2:C501,"Game Designer",Zeitlog!B2:B501) -> 0 | D38: =IFERROR(TEXT(C38/$C$34,"0%")&" der Gesamtzeit","") -> 0% der Gesamtzeit
B39: Stunden: Technical Director | C39: =SUMIF(Zeitlog!C2:C501,"Technical Director",Zeitlog!B2:B501) -> 0 | D39: =IFERROR(TEXT(C39/$C$34,"0%")&" der Gesamtzeit","") -> 0% der Gesamtzeit
B40: Stunden: Programmer | C40: =SUMIF(Zeitlog!C2:C501,"Programmer",Zeitlog!B2:B501) -> 0 | D40: =IFERROR(TEXT(C40/$C$34,"0%")&" der Gesamtzeit","") -> 0% der Gesamtzeit
B41: Stunden: QA | C41: =SUMIF(Zeitlog!C2:C501,"QA",Zeitlog!B2:B501) -> 0 | D41: =IFERROR(TEXT(C41/$C$34,"0%")&" der Gesamtzeit","") -> 0% der Gesamtzeit
B42: Stunden: Einarbeitung / Lernen | C42: =SUMIF(Zeitlog!C2:C501,"Einarbeitung / Lernen",Zeitlog!B2:B501) -> 2.5 | D42: =IFERROR(TEXT(C42/$C$34,"0%")&" der Gesamtzeit","") -> 100% der Gesamtzeit

Sheet Zeitlog
A1: Datum | B1: Dauer (h) | C1: Hut | D1: Tätigkeit / Story-ID | F1: Eine Zeile pro Arbeitssitzung, parallel zum Dev-Log. Dauer in Stunden (z. B. 1,5). Wechselt der Hut innerhalb einer Sitzung, zwei Zeilen anlegen.
A2: 46303 | B2: 2.5 | C2: Einarbeitung / Lernen | D2: Einrichtung des Repositories

Sheet Backlog
A1: ID | B1: Epic | C1: User Story | D1: Akzeptanzkriterien | E1: Design Pillar | F1: MoSCoW | G1: Status | H1: Sprint | I1: O (h) | J1: M (h) | K1: P (h) | L1: PERT (h) | M1: Ist (h) | N1: Abweichung (h) | O1: Begründung bei „Gestrichen“ (Cut List) | P1: GDD-Referenz (Abschnitt oder „TD“)
A2: BSP | B2: Bewegung | C2: Als Spielerin möchte ich doppelt springen, damit ich höhere Plattformen erreiche. | D2: Zweiter Sprung nur in der Luft; Coyote Time 0,1 s; ≥ 4/5 Testpersonen bewerten Steuerung als präzise | E2: Präzise Bewegung | F2: Must | G2: Erledigt | H2: 1 | I2: 2 | J2: 4 | K2: 8 | L2: =IF(COUNT(I2:K2)=3,(I2+4*J2+K2)/6,"") -> 4.3333333 | M2: 6 | N2: =IF(AND(ISNUMBER(M2),ISNUMBER(L2)),M2-L2,"") -> 1.6666667 | P2: GDD 2.3 Bewegung
L3: =IF(COUNT(I3:K3)=3,(I3+4*J3+K3)/6,"") | N3: =IF(AND(ISNUMBER(M3),ISNUMBER(L3)),M3-L3,"")
L4: =IF(COUNT(I4:K4)=3,(I4+4*J4+K4)/6,"") | N4: =IF(AND(ISNUMBER(M4),ISNUMBER(L4)),M4-L4,"")
L5: =IF(COUNT(I5:K5)=3,(I5+4*J5+K5)/6,"") | N5: =IF(AND(ISNUMBER(M5),ISNUMBER(L5)),M5-L5,"")
L6: =IF(COUNT(I6:K6)=3,(I6+4*J6+K6)/6,"") | N6: =IF(AND(ISNUMBER(M6),ISNUMBER(L6)),M6-L6,"")
L7: =IF(COUNT(I7:K7)=3,(I7+4*J7+K7)/6,"") | N7: =IF(AND(ISNUMBER(M7),ISNUMBER(L7)),M7-L7,"")
L8: =IF(COUNT(I8:K8)=3,(I8+4*J8+K8)/6,"") | N8: =IF(AND(ISNUMBER(M8),ISNUMBER(L8)),M8-L8,"")
L9: =IF(COUNT(I9:K9)=3,(I9+4*J9+K9)/6,"") | N9: =IF(AND(ISNUMBER(M9),ISNUMBER(L9)),M9-L9,"")
L10: =IF(COUNT(I10:K10)=3,(I10+4*J10+K10)/6,"") | N10: =IF(AND(ISNUMBER(M10),ISNUMBER(L10)),M10-L10,"")
L11: =IF(COUNT(I11:K11)=3,(I11+4*J11+K11)/6,"") | N11: =IF(AND(ISNUMBER(M11),ISNUMBER(L11)),M11-L11,"")
L12: =IF(COUNT(I12:K12)=3,(I12+4*J12+K12)/6,"") | N12: =IF(AND(ISNUMBER(M12),ISNUMBER(L12)),M12-L12,"")
L13: =IF(COUNT(I13:K13)=3,(I13+4*J13+K13)/6,"") | N13: =IF(AND(ISNUMBER(M13),ISNUMBER(L13)),M13-L13,"")
L14: =IF(COUNT(I14:K14)=3,(I14+4*J14+K14)/6,"") | N14: =IF(AND(ISNUMBER(M14),ISNUMBER(L14)),M14-L14,"")
... L201: =IF(COUNT(I201:K201)=3,(I201+4*J201+K201)/6,"") | N201: =IF(AND(ISNUMBER(M201),ISNUMBER(L201)),M201-L201,"")

Sheet Sprints
A1: Sprint | B1: Wochen | C1: Sprint-Ziel | D1: Verfügbar (h) | E1: Geplant PERT (h) | F1: Ist (h) | G1: Stories geplant | H1: Stories erledigt | I1: Auslastung | J1: Ziel erreicht? | K1: Retro: wichtigste Maßnahme
A2: 1 | B2: 8–9 | E2: =SUMIFS(Backlog!$L:$L,Backlog!$H:$H,A2,Backlog!$G:$G,"<>Gestrichen") -> 4.3333333 | F2: =SUMIFS(Backlog!$M:$M,Backlog!$H:$H,A2) -> 6 | G2: =COUNTIFS(Backlog!$H:$H,A2,Backlog!$G:$G,"<>Gestrichen") -> 1 | H2: =COUNTIFS(Backlog!$H:$H,A2,Backlog!$G:$G,"Erledigt") -> 1 | I2: =IFERROR(E2/D2,"")
A3: 2 | B3: 10–11 (Alpha) | E3: =SUMIFS(Backlog!$L:$L,Backlog!$H:$H,A3,Backlog!$G:$G,"<>Gestrichen") -> 0 | F3: =SUMIFS(Backlog!$M:$M,Backlog!$H:$H,A3) -> 0 | G3: =COUNTIFS(Backlog!$H:$H,A3,Backlog!$G:$G,"<>Gestrichen") -> 0 | H3: =COUNTIFS(Backlog!$H:$H,A3,Backlog!$G:$G,"Erledigt") -> 0 | I3: =IFERROR(E3/D3,"")
A4: 3 | B4: 12–13 (RC) | E4: =SUMIFS(Backlog!$L:$L,Backlog!$H:$H,A4,Backlog!$G:$G,"<>Gestrichen") -> 0 | F4: =SUMIFS(Backlog!$M:$M,Backlog!$H:$H,A4) -> 0 | G4: =COUNTIFS(Backlog!$H:$H,A4,Backlog!$G:$G,"<>Gestrichen") -> 0 | H4: =COUNTIFS(Backlog!$H:$H,A4,Backlog!$G:$G,"Erledigt") -> 0 | I4: =IFERROR(E4/D4,"")
A6: Auslastung > 100 % bedeutet: mehr geplant als verfügbar. Hinweis: Das Backlog verweist über die Spalte „Sprint“ (1–3) auf diese Tabelle.

Sheet Burndown
A1: Sprint 1 | F1: Sprint 2 | K1: Sprint 3
A2: Start (h) | B2: =Sprints!E2 -> 4.3333333 | F2: Start (h) | G2: =Sprints!E3 -> 0 | K2: Start (h) | L2: =Sprints!E4 -> 0
A4: Tag | B4: Ideal (h) | C4: Rest (h) | F4: Tag | G4: Ideal (h) | H4: Rest (h) | K4: Tag | L4: Ideal (h) | M4: Rest (h)
A5: 0 | B5: =$B$2*(1-A5/14) -> 4.3333333 | F5: 0 | G5: =$G$2*(1-F5/14) -> 0 | K5: 0 | L5: =$L$2*(1-K5/14) -> 0
A6: 1 | B6: =$B$2*(1-A6/14) -> 4.0238095 | F6: 1 | G6: =$G$2*(1-F6/14) -> 0 | K6: 1 | L6: =$L$2*(1-K6/14) -> 0
A7: 2 | B7: =$B$2*(1-A7/14) -> 3.7142857 | F7: 2 | G7: =$G$2*(1-F7/14) -> 0 | K7: 2 | L7: =$L$2*(1-K7/14) -> 0
A8: 3 | B8: =$B$2*(1-A8/14) -> 3.4047619 | F8: 3 | G8: =$G$2*(1-F8/14) -> 0 | K8: 3 | L8: =$L$2*(1-K8/14) -> 0
A9: 4 | B9: =$B$2*(1-A9/14) -> 3.0952381 | F9: 4 | G9: =$G$2*(1-F9/14) -> 0 | K9: 4 | L9: =$L$2*(1-K9/14) -> 0
A10: 5 | B10: =$B$2*(1-A10/14) -> 2.7857143 | F10: 5 | G10: =$G$2*(1-F10/14) -> 0 | K10: 5 | L10: =$L$2*(1-K10/14) -> 0
A11: 6 | B11: =$B$2*(1-A11/14) -> 2.4761905 | F11: 6 | G11: =$G$2*(1-F11/14) -> 0 | K11: 6 | L11: =$L$2*(1-K11/14) -> 0
A12: 7 | B12: =$B$2*(1-A12/14) -> 2.1666667 | F12: 7 | G12: =$G$2*(1-F12/14) -> 0 | K12: 7 | L12: =$L$2*(1-K12/14) -> 0
A13: 8 | B13: =$B$2*(1-A13/14) -> 1.8571429 | F13: 8 | G13: =$G$2*(1-F13/14) -> 0 | K13: 8 | L13: =$L$2*(1-K13/14) -> 0
A14: 9 | B14: =$B$2*(1-A14/14) -> 1.547619 | F14: 9 | G14: =$G$2*(1-F14/14) -> 0 | K14: 9 | L14: =$L$2*(1-K14/14) -> 0
A15: 10 | B15: =$B$2*(1-A15/14) -> 1.2380952 | F15: 10 | G15: =$G$2*(1-F15/14) -> 0 | K15: 10 | L15: =$L$2*(1-K15/14) -> 0
A16: 11 | B16: =$B$2*(1-A16/14) -> 0.92857143 | F16: 11 | G16: =$G$2*(1-F16/14) -> 0 | K16: 11 | L16: =$L$2*(1-K16/14) -> 0
... A19: 14 | B19: =$B$2*(1-A19/14) -> 0 | F19: 14 | G19: =$G$2*(1-F19/14) -> 0 | K19: 14 | L19: =$L$2*(1-K19/14) -> 0
A38: Tragen Sie in „Rest (h)“ an jedem Sprinttag die verbleibenden geschätzten Stunden ein. Der Startwert wird aus dem Blatt „Sprints“ übernommen.

Sheet Risiken
A1: ID | B1: Risiko | C1: Kategorie | D1: Wahrsch. (1–5) | E1: Auswirkung (1–5) | F1: Risikowert | G1: Stufe | H1: Strategie | I1: Maßnahme | J1: Status | K1: Eingetreten? | L1: Notiz / Datum
A2: BSP | B2: Feature Creep: neue Ideen verdrängen Must-Stories | C2: Scope | D2: 4 | E2: 4 | F2: =IF(AND(ISNUMBER(D2),ISNUMBER(E2)),D2*E2,"") -> 16 | G2: =IF(F2="","",IF(F2>=15,"hoch",IF(F2>=8,"mittel","niedrig"))) -> hoch | H2: Vermindern | I2: Cut List pflegen, one in – one out, Review je Sprint | J2: Aktiv | K2: Nein
F3: =IF(AND(ISNUMBER(D3),ISNUMBER(E3)),D3*E3,"") | G3: =IF(F3="","",IF(F3>=15,"hoch",IF(F3>=8,"mittel","niedrig")))
F4: =IF(AND(ISNUMBER(D4),ISNUMBER(E4)),D4*E4,"") | G4: =IF(F4="","",IF(F4>=15,"hoch",IF(F4>=8,"mittel","niedrig")))
F5: =IF(AND(ISNUMBER(D5),ISNUMBER(E5)),D5*E5,"") | G5: =IF(F5="","",IF(F5>=15,"hoch",IF(F5>=8,"mittel","niedrig")))
F6: =IF(AND(ISNUMBER(D6),ISNUMBER(E6)),D6*E6,"") | G6: =IF(F6="","",IF(F6>=15,"hoch",IF(F6>=8,"mittel","niedrig")))
F7: =IF(AND(ISNUMBER(D7),ISNUMBER(E7)),D7*E7,"") | G7: =IF(F7="","",IF(F7>=15,"hoch",IF(F7>=8,"mittel","niedrig")))
F8: =IF(AND(ISNUMBER(D8),ISNUMBER(E8)),D8*E8,"") | G8: =IF(F8="","",IF(F8>=15,"hoch",IF(F8>=8,"mittel","niedrig")))
F9: =IF(AND(ISNUMBER(D9),ISNUMBER(E9)),D9*E9,"") | G9: =IF(F9="","",IF(F9>=15,"hoch",IF(F9>=8,"mittel","niedrig")))
F10: =IF(AND(ISNUMBER(D10),ISNUMBER(E10)),D10*E10,"") | G10: =IF(F10="","",IF(F10>=15,"hoch",IF(F10>=8,"mittel","niedrig")))
F11: =IF(AND(ISNUMBER(D11),ISNUMBER(E11)),D11*E11,"") | G11: =IF(F11="","",IF(F11>=15,"hoch",IF(F11>=8,"mittel","niedrig")))
F12: =IF(AND(ISNUMBER(D12),ISNUMBER(E12)),D12*E12,"") | G12: =IF(F12="","",IF(F12>=15,"hoch",IF(F12>=8,"mittel","niedrig")))
F13: =IF(AND(ISNUMBER(D13),ISNUMBER(E13)),D13*E13,"") | G13: =IF(F13="","",IF(F13>=15,"hoch",IF(F13>=8,"mittel","niedrig")))
F14: =IF(AND(ISNUMBER(D14),ISNUMBER(E14)),D14*E14,"") | G14: =IF(F14="","",IF(F14>=15,"hoch",IF(F14>=8,"mittel","niedrig")))
... F61: =IF(AND(ISNUMBER(D61),ISNUMBER(E61)),D61*E61,"") | G61: =IF(F61="","",IF(F61>=15,"hoch",IF(F61>=8,"mittel","niedrig")))

Sheet Bugs
A1: ID | B1: Titel | C1: Build | D1: Schritte zur Reproduktion | E1: Erwartet | F1: Tatsächlich | G1: Reproduzierbarkeit | H1: Schweregrad | I1: Priorität | J1: Status | K1: Gefunden am | L1: Behoben am | M1: Triage-Entscheidung / Notiz
A2: BSP | B2: Spieler fällt nach Doppelsprung an Wandkante durch Boden | C2: 0.4.2 | D2: 1. Level 2 starten 2. an linke Wand laufen 3. Doppelsprung | E2: Landung auf Plattform | F2: Fall ins Leere | G2: 3/5 | H2: A | I2: hoch | J2: In Arbeit | K2: 2026-12-02 | M2: vor Alpha beheben

Sheet Playtests
A1: Nr. | B1: Datum | C1: Testperson (Pseudonym) | D1: Typ | E1: Build | F1: Dauer (min) | G1: Forschungsfrage | H1: Beobachtung / Befund | I1: Schwere | J1: Backlog-ID | K1: Likert Pillar 1 (1–5) | L1: Likert Pillar 2 (1–5) | M1: Likert Pillar 3 (1–5) | O1: Mittelwerte
A2: BSP | B2: 2026-12-08 | C2: T01 | D2: Extern | E2: 0.5.0 | F2: 12 | G2: Verstehen Spielende den Enterhaken ohne Erklärung? | H2: Enterhaken erst nach 3 min entdeckt; mehrfach Sprung statt Haken versucht | I2: mittel | J2: B-023 | K2: 4 | L2: 3 | M2: 5 | O2: Pillar 1 | P2: =IFERROR(AVERAGE(K2:K101),"") -> 4
O3: Pillar 2 | P3: =IFERROR(AVERAGE(L2:L101),"") -> 3
O4: Pillar 3 | P4: =IFERROR(AVERAGE(M2:M101),"") -> 5
